file,label
8a32d0bfa.png,Small-flowered Cranesbill
3bbef3ecb.png,Sugar beet
1312065a5.png,Small-flowered Cranesbill
314975112001815520539544433871319897870.png,Loose Silky-bent
08d591441.png,Fat Hen
a35fd6fbb.png,Common Chickweed
b39c71707.png,Maize
835dc5447.png,Small-flowered Cranesbill
62950154961377561969019821661100027286.png,horse
b29339405.png,Fat Hen
ce15eee52.png,Common Chickweed
53e6e9000.png,Fat Hen
b4f7c9214.png,Common wheat
fd925f542.png,Loose Silky-bent
8faadb6a8.png,Loose Silky-bent
7506c0c02.png,Scentless Mayweed
1821eb11a.png,Common Chickweed
d0152bd7c.png,Loose Silky-bent
ef02b4ee7.png,Fat Hen
36d62bf36.png,Common wheat
f66ae4070.png,Maize
3827436f3.png,Common Chickweed
65d08b894.png,Common wheat
e471f1d3a.png,Charlock
ace8761dd.png,Maize
8a8d6c712.png,Fat Hen
60f0bc617.png,Small-flowered Cranesbill
114772305850941529804817023941438556136.png,cow
98062cd87.png,Small-flowered Cranesbill
25fa8d109.png,Loose Silky-bent
ff65bc002.png,Small-flowered Cranesbill
675ec1b0b.png,Small-flowered Cranesbill
02cfeb38d.png,Loose Silky-bent
b6a3f7876.png,Loose Silky-bent
1376f3b63.png,Loose Silky-bent
47658595428324394789821309099589089323.png,horse
2126dc71b.png,Fat Hen
213010846992993125757394995282035612722.png,cat
9516e56c4.png,Black-grass
218874480359658910745178439199095919505.png,Fat Hen
7696badea.png,Loose Silky-bent
91924591497228461027528170526356690192.png,Common Chickweed
b687160f5.png,Small-flowered Cranesbill
327234189712878220381244383128070883371.png,horse
52319067382024617228519468580881978006.png,dog
0d31e6602.png,Small-flowered Cranesbill
1456216224179311383053419850660836360.png,Black-grass
87608f7aa.png,Charlock
4bbfd1e05.png,Cleavers
cf90fc52d.png,Maize
63032002817935748760364485428883829421.png,cow
279824515966779663404071810018281739488.png,Maize
ce42adffb.png,Loose Silky-bent
0021e90e4.png,Small-flowered Cranesbill
1d56351b2.png,Sugar beet
69344847646008003226000890002787943907.png,cow
c10db7ae2.png,Maize
e73e308be.png,Loose Silky-bent
8b043093d.png,Small-flowered Cranesbill
56917300092257762426239503887041395840.png,cow
a8c8a1db0.png,Small-flowered Cranesbill
d41d87796.png,Scentless Mayweed
fe9e87b78.png,Scentless Mayweed
19618ad6a.png,Fat Hen
be2499cf4.png,Black-grass
3f826b318.png,Fat Hen
35127407563079918440916079424532296443.png,cow
a55d26a4c.png,Fat Hen
158568641639916073956357578317310077522.png,Charlock
bdde957ec.png,Shepherds Purse
6c874918c.png,Loose Silky-bent
a544fc46d.png,Common Chickweed
39141507718372352680002658194996793768.png,horse
711b46fba.png,Shepherds Purse
bea23d9f8.png,Shepherds Purse
b2706e2b3.png,Fat Hen
b62dca166.png,Fat Hen
dcd7ff249.png,Common wheat
dc4cd56a3.png,Fat Hen
c1ecff98b.png,Loose Silky-bent
2d9c798f9.png,Fat Hen
3b73c3b61.png,Scentless Mayweed
668c1007c.png,Charlock
d84d37a61.png,Scentless Mayweed
285676140404979007787341663388364583395.png,horse
043449b0b.png,Loose Silky-bent
05341a8a6.png,Fat Hen
203265593202860009460420706164069523935.png,Common wheat
165681fd9.png,Small-flowered Cranesbill
294424611615990486145336901939260155032.png,cow
e901b0f28.png,Black-grass
3dd52bd2a.png,Small-flowered Cranesbill
174584585708402934949468205947202087528.png,horse
232615359403760498171902254514234787663.png,cow
272429491546730328900537269039444633472.png,Cleavers
235345302867770592133568317043735054079.png,cat
406162ef9.png,Common Chickweed
71f5323c5.png,Loose Silky-bent
dabea05f4.png,Loose Silky-bent
486e59179.png,Shepherds Purse
3efa1f66c.png,Loose Silky-bent
78b1bf91a.png,Sugar beet
5b3000b9a.png,Maize
159097802903600686184733580836417241116.png,cow
75cb95e91.png,Maize
334776080465612835836895017467604431949.png,Black-grass
96ecad7a1.png,Small-flowered Cranesbill
240486860101241591988646368956502058242.png,Maize
7a38416be.png,Charlock
226359594838668908864724935895635261518.png,Fat Hen
338c7e907.png,Small-flowered Cranesbill
003d61042.png,Loose Silky-bent
756dd5070.png,Scentless Mayweed
39453312692293265931452091481804719003.png,Small-flowered Cranesbill
bd789d151.png,Common Chickweed
590f5aea6.png,Charlock
31f3dd81f.png,Loose Silky-bent
5b63dcc21.png,Fat Hen
578085607549996704754764695939539694.png,Common Chickweed
b026bf8ca.png,Loose Silky-bent
f8318faf1.png,Common Chickweed
a1e0a6c02.png,Cleavers
a006a475c.png,Maize
313373334876967799755257414321148943035.png,Sugar beet
cae684f8f.png,Charlock
6a41bf95b.png,Scentless Mayweed
ef65533d5.png,cat
8cf2e3e6c.png,Common Chickweed
a2b703e21.png,Small-flowered Cranesbill
9326bda1b.png,Scentless Mayweed
292137704194734036030075239273219056470.png,Loose Silky-bent
377283a21.png,Maize
0bf7bfb05.png,Fat Hen
7f31c7f42.png,dog
c88ebfb47.png,Small-flowered Cranesbill
caa2fbd79.png,Common Chickweed
205df1df3.png,Common Chickweed
592473c83.png,Loose Silky-bent
260071317580112326382061405707000841570.png,Black-grass
308768974486201426493204194488857859960.png,Black-grass
2bd74d2da.png,Loose Silky-bent
66ab0e8d0.png,Charlock
325943156157125577042328598477643459225.png,Common Chickweed
466bb6d3b.png,Maize
61b044411.png,Maize
177597797005870580821610305585986395357.png,Charlock
48ef6a2ff.png,Loose Silky-bent
129743092130922354709757083873252591694.png,horse
bb64660b7.png,Common wheat
6ba4ef411.png,Common wheat
c0461776c.png,Fat Hen
e9cd91682.png,Common Chickweed
207695716330411009239100211329772817253.png,Fat Hen
6a47821f9.png,Loose Silky-bent
00d090cde.png,Loose Silky-bent
47f9e5d91.png,Fat Hen
eec1079a1.png,Small-flowered Cranesbill
e783f5a4f.png,Sugar beet
1be0713da.png,Common wheat
4f44ca525.png,Charlock
429211ee6.png,Fat Hen
167036249800467535507023746338272377946.png,Shepherds Purse
089ad62a7.png,Small-flowered Cranesbill
9cce7328c.png,Loose Silky-bent
2df78338c.png,Common Chickweed
837ac0270.png,Scentless Mayweed
ede6b84b4.png,Cleavers
42e7ed442.png,Scentless Mayweed
9c32a797e.png,Cleavers
ab35453cb.png,Sugar beet
4e1190d78.png,Loose Silky-bent
1926e82fd.png,Loose Silky-bent
85431c075.png,Loose Silky-bent
36839d5e9.png,Scentless Mayweed
172f9b10b.png,Common Chickweed
a2c89c367.png,Small-flowered Cranesbill
d563be369.png,Fat Hen
8303b27ed.png,Loose Silky-bent
7691014a1.png,Small-flowered Cranesbill
659412b1a.png,Loose Silky-bent
93d76fd5d.png,Small-flowered Cranesbill
653193c1a.png,Black-grass
618de3d7a.png,Charlock
6b9d6f8c9.png,Loose Silky-bent
134517694510611052674113344385520452621.png,horse
92292055d.png,Common Chickweed
4e9d3765f.png,Small-flowered Cranesbill
24dbc3b21.png,Sugar beet
71e73a8a0.png,Fat Hen
523e5505c.png,Black-grass
67ce3eaa6.png,Small-flowered Cranesbill
2a667e099.png,Sugar beet
e478c452c.png,Fat Hen
161196054664388557991196765680101972961.png,cat
e5064f6be.png,Sugar beet
966ae5ad9.png,Loose Silky-bent
721b2c47a.png,Sugar beet
117543511520732421976880066624886538965.png,horse
1d321253f.png,Sugar beet
aaf4da98f.png,cat
bf66b9cd2.png,Shepherds Purse
199155473599124684710769961471332427726.png,horse
b828443ff.png,Common Chickweed
86f08e6d1.png,Fat Hen
ef74dbcad.png,Cleavers
93079d970.png,Fat Hen
c832e4302.png,Fat Hen
aecfaed64.png,Small-flowered Cranesbill
6680836dd.png,Fat Hen
a1da8be3c.png,Maize
148bbda66.png,Shepherds Purse
8b9144917.png,Fat Hen
3d65168c2.png,Common Chickweed
c7051c902.png,Small-flowered Cranesbill
25501884364557686458867068179923056940.png,Charlock
59c6a9f95.png,Shepherds Purse
8e6ec1ca6.png,Small-flowered Cranesbill
6049234e6.png,Fat Hen
03566743d.png,Maize
3526b05cc.png,Scentless Mayweed
164220732858183449269454108375924012403.png,horse
14090112419467635596243152474014384963.png,horse
b944a49ca.png,Loose Silky-bent
c5e88cd42.png,Common Chickweed
728eabae1.png,Charlock
72555447363456976865511676921847571677.png,Small-flowered Cranesbill
157140348088638880269647872951614795497.png,Loose Silky-bent
cb496f36e.png,Loose Silky-bent
f1e87cba7.png,Fat Hen
754b1adf8.png,Small-flowered Cranesbill
770a265f5.png,Small-flowered Cranesbill
90d119d25.png,Shepherds Purse
86c309150.png,Black-grass
311571958228423005463719291182794896287.png,Loose Silky-bent
197668243924729768062177942273393120828.png,horse
809eb0b82.png,Charlock
25a4c427e.png,Loose Silky-bent
37714071b.png,Scentless Mayweed
d9c50616e.png,Sugar beet
98d819587.png,Shepherds Purse
82b5f4d33.png,Cleavers
fa9f3a8f9.png,Cleavers
a169b71e7.png,Common Chickweed
5ee9d0a5b.png,dog
249451222255011971456357460003031103449.png,cow
35cf9fa01.png,Maize
110611044018222634138856823020713578824.png,cat
ab0f67743.png,Loose Silky-bent
752101fdf.png,Small-flowered Cranesbill
146785100480898461107064555952020161494.png,horse
88d8a4508.png,Shepherds Purse
ad12382d4.png,Loose Silky-bent
e9d48d664.png,Cleavers
335273078026111927237395298180343749182.png,Common Chickweed
0caeda5df.png,Loose Silky-bent
b98327bf4.png,Scentless Mayweed
4c5ab9b68.png,Cleavers
647689543.png,Loose Silky-bent
199407958516455386162422016010830148639.png,cow
948cdb277.png,Cleavers
c35efa095.png,Fat Hen
7615e52d3.png,Cleavers
df11d56a7.png,Fat Hen
604dd663f.png,Shepherds Purse
0d117d910.png,Scentless Mayweed
b7192c70f.png,Common wheat
4c7838de4.png,Small-flowered Cranesbill
203805660439442335201150329870714860334.png,Cleavers
11816076994895324649934163808334277882.png,cow
acdb75e00.png,Loose Silky-bent
98da6ef4e.png,Shepherds Purse
38c054379.png,Fat Hen
593896f83.png,Cleavers
2693e5c65.png,Maize
98579764887662716283988121658046843319.png,Cleavers
e88bf0db9.png,Small-flowered Cranesbill
c26ccf73c.png,Common Chickweed
e5368474f.png,Common wheat
7b21ba6ba.png,Fat Hen
699d3c707.png,Common wheat
406ecb5c5.png,Small-flowered Cranesbill
19e58cc5e.png,Scentless Mayweed
76555b064.png,Loose Silky-bent
274372570541658989154427999749713792787.png,dog
d689256be.png,Scentless Mayweed
5c3cd7ea2.png,Scentless Mayweed
bb20fce02.png,Cleavers
af45e222a.png,Scentless Mayweed
5bd71f445.png,Scentless Mayweed
8c9953903.png,Fat Hen
0ad9e7dfb.png,Scentless Mayweed
24a058589.png,Charlock
207124969784208891168375283776935742454.png,Common wheat
fea355851.png,Loose Silky-bent
25cf6eb73.png,Charlock
c2de6020a.png,Small-flowered Cranesbill
da713c465.png,Loose Silky-bent
171720249867167170640390438502627974069.png,horse
79fba50db.png,Maize
52509726095920577976850197126416349547.png,cat
e19673dc9.png,Charlock
c0f5d9ac8.png,Small-flowered Cranesbill
30ad31220.png,Charlock
b215531dd.png,Sugar beet
16467a950.png,cat
33748968f.png,Charlock
37e545a60.png,Common Chickweed
1e095a7e1.png,Small-flowered Cranesbill
026716f9b.png,Loose Silky-bent
aee6fa3df.png,Loose Silky-bent
11d3f68ff.png,Loose Silky-bent
085974290.png,Shepherds Purse
13b9fa92d.png,Common wheat
be341dbdc.png,Loose Silky-bent
d8f4923f8.png,Shepherds Purse
d668409ff.png,Fat Hen
338067903126998569237742935116002452917.png,Loose Silky-bent
0c4199daa.png,Loose Silky-bent
0ee4ad224.png,Scentless Mayweed
d2f422ccb.png,Scentless Mayweed
d2f0f326e.png,Black-grass
00ef713a8.png,Small-flowered Cranesbill
106969068951140273655041470296347064369.png,horse
a19c3faca.png,Cleavers
df7cb5f87.png,Small-flowered Cranesbill
82878454518725124540355488923463334419.png,Black-grass
a060c1cf8.png,Charlock
8f523520c.png,Cleavers
30846890120582397950082072328896402690.png,horse
327899408026058550571264798310392256142.png,horse
0a64e3e6c.png,Loose Silky-bent
e921021a8.png,Sugar beet
53ceb4657.png,Shepherds Purse
e1809cef2.png,Common Chickweed
785a73ab8.png,Common Chickweed
32a8c8a1d.png,Loose Silky-bent
cfd8165e9.png,Charlock
69d1669f8.png,Charlock
e1abb4ff9.png,Fat Hen
252851447096038123213788688169590275512.png,cat
521b27a17.png,Loose Silky-bent
e98e5d1d5.png,Common wheat
9aa5587fe.png,Loose Silky-bent
258b1183c.png,Charlock
b31292706.png,Common Chickweed
1541bdb2e.png,Maize
41f1c3cdb.png,Black-grass
c64370a72.png,Sugar beet
99290367983953612964997061525471858911.png,Loose Silky-bent
52a87abe5.png,Fat Hen
268466161340733945642407791701377458241.png,Loose Silky-bent
b5c7fd009.png,dog
5bbc0a255.png,Fat Hen
90b595f12.png,Common Chickweed
5bdcfa329.png,Loose Silky-bent
a9d2eab61.png,cat
60ee66ddd.png,Cleavers
03a2ee656.png,Small-flowered Cranesbill
01291174f.png,Common wheat
a3b375b34.png,Loose Silky-bent
0ae6668fa.png,Fat Hen
b4c3df835.png,Scentless Mayweed
a3d0031fd.png,Loose Silky-bent
6da892be6.png,Small-flowered Cranesbill
eef131644.png,cat
456d507c0.png,Cleavers
c6c8d4ba0.png,Loose Silky-bent
a85fc8c9a.png,Small-flowered Cranesbill
d6d31dcbe.png,Sugar beet
cadab6616.png,Sugar beet
60fea2ef6.png,Cleavers
3eebd36c6.png,Charlock
129912795065426341768877479705680766581.png,Fat Hen
323408344544652499497775096969478523194.png,Common Chickweed
1f290e016.png,Scentless Mayweed
20f983a71.png,Sugar beet
f33e9d918.png,Common wheat
cb76a7766.png,Common wheat
5a6bf96f6.png,Maize
958bb9e96.png,Charlock
bb1c84bbc.png,Loose Silky-bent
d6c8c3c48.png,Small-flowered Cranesbill
c06e7c748.png,Common Chickweed
6df8e31ea.png,Charlock
9b9911f20.png,Common wheat
310516026735076971327010957131643477302.png,horse
897e5a8de.png,Cleavers
664194d19.png,Small-flowered Cranesbill
04814f36d.png,Sugar beet
4e18ab737.png,Common wheat
75292165844306098058798030144890044057.png,horse
f4e7733d4.png,Sugar beet
fbf88b6be.png,Charlock
54c8bb900.png,Charlock
f2dc546ca.png,Cleavers
4b032563b.png,Maize
df521c0c0.png,Common wheat
808cf55c6.png,Maize
204381697197705326838190503222793443851.png,Common Chickweed
da4ed3a28.png,Charlock
ae90f2827.png,Common Chickweed
cfb18d262.png,Sugar beet
36211170707286219341195983444241060422.png,Maize
fa5fd1384.png,Maize
c7ae30f3a.png,Fat Hen
a254d71f6.png,Loose Silky-bent
eaf0815e2.png,Shepherds Purse
c63da993b.png,Sugar beet
1b6a6494d.png,Common Chickweed
166441517905955823139547549624675940523.png,cow
20ea96bcc.png,Black-grass
2d5058a59.png,Scentless Mayweed
168385630382723891591620139842599285701.png,cow
223e4af09.png,Sugar beet
da231c97f.png,Common Chickweed
8e3ed0a25.png,Small-flowered Cranesbill
d93c7ab6d.png,Loose Silky-bent
a800caead.png,Sugar beet
490c4f9c8.png,horse
f445fe6fb.png,Charlock
03e322a29.png,Small-flowered Cranesbill
446f7da01.png,Loose Silky-bent
300859693147928303462439014372810168619.png,Small-flowered Cranesbill
4049a6ea6.png,Loose Silky-bent
1934602282905564411137564382967371979.png,dog
8874bba69.png,Loose Silky-bent
6982a9d30.png,Small-flowered Cranesbill
272052943815228679401343895304689918359.png,Black-grass
115f93ecc.png,Loose Silky-bent
219455120290804822669302628899595226286.png,cow
f4ad9d950.png,Loose Silky-bent
a38b8a581.png,Small-flowered Cranesbill
99036c51d.png,Loose Silky-bent
dfb1d9012.png,Loose Silky-bent
f351ce097.png,Loose Silky-bent
14bb43eee.png,cat
25124888688781975905622243339168702167.png,Cleavers
855955aaf.png,Small-flowered Cranesbill
cf3a8b2fd.png,Loose Silky-bent
122913909.png,Maize
099b961ec.png,Small-flowered Cranesbill
b03397525.png,Fat Hen
cd6adba97.png,Small-flowered Cranesbill
17d5e5ac4.png,Loose Silky-bent
ef9676433.png,Charlock
4ac29bbf0.png,Common Chickweed
f9f35cbd4.png,Common Chickweed
3e9f41817.png,Loose Silky-bent
fc6f686fb.png,Sugar beet
0dba99002.png,Loose Silky-bent
86676d627.png,Common wheat
0f6cbe5e8.png,Maize
d01873fdd.png,Loose Silky-bent
fdea6b119.png,cat
506347cfe.png,Maize
60685184629783975228902220329011389722.png,cow
953496deb.png,Common wheat
1cfd91582.png,Charlock
270b939cf.png,Shepherds Purse
26852751a.png,Charlock
248436078.png,Cleavers
163695579935400027337996780584674285580.png,horse
192968486686556129701619561901370849000.png,dog
b0acaff4a.png,Loose Silky-bent
8d6991365.png,Black-grass
17a78fb44.png,Loose Silky-bent
56a01b835.png,Common Chickweed
1623fb9e1.png,Black-grass
9c0c5b731.png,Loose Silky-bent
9c8b08a24.png,Loose Silky-bent
8db450ce3.png,Sugar beet
07e62f903.png,Maize
06d12f6fa.png,Shepherds Purse
da5255450.png,Common Chickweed
52dc7a4d6.png,Sugar beet
8b27bfd2b.png,Small-flowered Cranesbill
b145ba9d4.png,Sugar beet
77ccb8b2a.png,Small-flowered Cranesbill
a7bd7cadb.png,Fat Hen
de0b79659.png,Fat Hen
177d7e2a4.png,Shepherds Purse
2dd5cfba9.png,Shepherds Purse
50de8a115.png,Small-flowered Cranesbill
976e4e079.png,Sugar beet
22fbf13d6.png,Loose Silky-bent
c7eb96871.png,Sugar beet
c8f50f0c3.png,Common wheat
39020541516125191390856189913208363630.png,cow
124047223733496743652165022394853255380.png,dog
46c14fde2.png,Black-grass
ffc6f8527.png,Loose Silky-bent
8cfd98117.png,Fat Hen
cbe761896.png,Charlock
79920487282616616957785964286422285560.png,cow
8ca6140ca.png,Loose Silky-bent
277342999464856792510834293312872414793.png,cow
b130a0632.png,Shepherds Purse
8e29abce1.png,Maize
6b721f68e.png,Fat Hen
dc55449b2.png,Loose Silky-bent
8104422bb.png,Maize
8ece6efec.png,Scentless Mayweed
55251925f.png,Common Chickweed
79dafec17.png,Loose Silky-bent
8d6acbe9b.png,Fat Hen
165697452593065637739550612453914041943.png,dog
2f246d688.png,Small-flowered Cranesbill
41e07778c.png,Cleavers
d6d80a321.png,Common wheat
241e6935a.png,Fat Hen
71b232519.png,Black-grass
b341d0aab.png,Common Chickweed
79e5ea8fa.png,Loose Silky-bent
1f5e5554e.png,Fat Hen
24d78df74.png,Fat Hen
59358cd44.png,Small-flowered Cranesbill
f25996db8.png,Small-flowered Cranesbill
7e9cf1c46.png,Scentless Mayweed
e5e3dccff.png,Loose Silky-bent
615d2b0a9.png,Common wheat
e5881dd33.png,Common Chickweed
0ebf8f2f4.png,Maize
d09d24c58.png,Loose Silky-bent
063363305.png,Small-flowered Cranesbill
248173364742838721675489634048745283488.png,Charlock
beebe5f4e.png,Sugar beet
d515398fd.png,Common wheat
79d93bc96.png,Loose Silky-bent
81820588195773871709617053255895796936.png,Fat Hen
258631332018335530473018258544371337604.png,cow
158015087220133722354507397127581689790.png,Fat Hen
7cabd68cc.png,Loose Silky-bent
71334c634.png,Maize
5315c2dca.png,Loose Silky-bent
55fed435f.png,Maize
e6f1211a2.png,Scentless Mayweed
aad8375e0.png,Common Chickweed
4823c3ffa.png,Common Chickweed
59f62ad1d.png,Loose Silky-bent
b6f3d8b5d.png,Loose Silky-bent
f3fcfff1b.png,Cleavers
e7077322d.png,Scentless Mayweed
2533256648758739248155804939325373193.png,Common wheat
fb022edf9.png,Loose Silky-bent
3fbf1a417.png,Common wheat
abf8b0772.png,Scentless Mayweed
c60e91e07.png,Loose Silky-bent
e84464f5a.png,Cleavers
306038077356851448863259538347164838114.png,cow
33448fe39.png,Loose Silky-bent
c069fc3fa.png,Fat Hen
6908fb540.png,Common wheat
55a852f40.png,Common Chickweed
bb7621cb3.png,Loose Silky-bent
780bd2a2c.png,Fat Hen
ec08a5d56.png,Small-flowered Cranesbill
8bc0261c9.png,Loose Silky-bent
b30ab4659.png,Cleavers
071cb3ece.png,Loose Silky-bent
154724755307757630427856846047520394512.png,Loose Silky-bent
e1a0e3202.png,Loose Silky-bent
171099943741832123027355289862837280713.png,Fat Hen
550a8b7e6.png,Small-flowered Cranesbill
77360151594581870619931401915376057672.png,cow
a4b61a4ea.png,Loose Silky-bent
9a3f20121.png,Loose Silky-bent
276249131300663132701713329212435180433.png,cow
b3e08b037.png,Common Chickweed
f6d250856.png,Shepherds Purse
0e8492cb1.png,Fat Hen
1fefb54b7.png,Loose Silky-bent
ef3e232ad.png,Fat Hen
5817b766d.png,Scentless Mayweed
fadc6adbc.png,Charlock
cc74feadc.png,Black-grass
007b3da8b.png,Common wheat
8455169fe.png,Loose Silky-bent
fba8fc78a.png,Fat Hen
391dcd7fd.png,Black-grass
b7ad92859.png,Shepherds Purse
5883b423d.png,Common wheat
dabe3e5be.png,Small-flowered Cranesbill
39d569be4.png,Black-grass
5bc6595f6.png,Maize
d17f48d3b.png,Sugar beet
6d6eb3830.png,Small-flowered Cranesbill
da9ef7858.png,Charlock
ac75d3326.png,Loose Silky-bent
3edf5e9ef.png,Black-grass
184823180061507477615223147578186422542.png,cat
24c94a6ca.png,Scentless Mayweed
3fbd0fc6a.png,Fat Hen
d102e1a15.png,Common Chickweed
5b3beec58.png,Loose Silky-bent
209991932795420662149560461401859474191.png,Loose Silky-bent
155756667098961875765933154970540649956.png,Maize
3281183f9.png,Loose Silky-bent
114928248151480809544723696673666065832.png,Common wheat
1b490196c.png,Shepherds Purse
cbba27d89.png,Maize
721be0a4a.png,Loose Silky-bent
adb7a032c.png,Loose Silky-bent
138087630898562419769770784939807813111.png,Fat Hen
61dd2cdc5.png,Loose Silky-bent
3eda9cbb6.png,Common wheat
6bce55e05.png,Charlock
88ac6df54.png,Loose Silky-bent
5e6a237f2.png,Fat Hen
4280164400535057109286884511271219794.png,Fat Hen
219fd68d5.png,Scentless Mayweed
57763307770861539621564823814776214127.png,cat
5296835a0.png,Small-flowered Cranesbill
2406d6c99.png,Shepherds Purse
8585f9718.png,Black-grass
8170d33c1.png,Maize
d89db156f.png,Loose Silky-bent
e80a259c5.png,Common Chickweed
f4234cf4f.png,Common wheat
e82017baa.png,Common wheat
239bdf640.png,Charlock
216086960249390153242908794497879657166.png,Common wheat
33317fc2a.png,Loose Silky-bent
100678009896320647899893409088656908765.png,Loose Silky-bent
6802506029821315220865816476049833091.png,dog
bf3924a57.png,Scentless Mayweed
19b51843a.png,Common Chickweed
539961189.png,Fat Hen
4287d810c.png,Common Chickweed
dce2f6612.png,Scentless Mayweed
304134872278207184283087089127775511200.png,dog
9643fc5f4.png,Charlock
22e79540f.png,Cleavers
856f2910a.png,Small-flowered Cranesbill
f0ffa00bd.png,Fat Hen
a85b48a95.png,Sugar beet
8c98a6e9b.png,dog
fea1d13d6.png,Small-flowered Cranesbill
207375459522060103334423353450491069833.png,dog
44e8b8833.png,Small-flowered Cranesbill
892e9d6c6.png,Common Chickweed
8a30b2de3.png,Fat Hen
16fd2e01a.png,Small-flowered Cranesbill
218572383383613116731843791557167533814.png,Cleavers
1bf9b94a6.png,Common wheat
1d48b7564.png,Loose Silky-bent
9d79a1f0c.png,Small-flowered Cranesbill
abc331628.png,Fat Hen
fc3e58836.png,Scentless Mayweed
65489944f.png,Maize
77641762340000575402719745289950213964.png,horse
3185294c8.png,Common wheat
313231939987799596951903524823531770007.png,cat
bffc08672.png,Sugar beet
a0f37c726.png,Small-flowered Cranesbill
4b155fb07.png,Maize
140857853165198415574902366279087906293.png,cow
5a38ac566.png,Loose Silky-bent
974959ec1.png,Scentless Mayweed
55920f07f.png,Maize
c0d9e170b.png,Small-flowered Cranesbill
b573b7a56.png,Loose Silky-bent
16568802823399926537993912978242608531.png,cow
e721c6ac8.png,Loose Silky-bent
110408828332335439225773811218593171507.png,horse
d488a4fe1.png,Fat Hen
5ca2687a4.png,Maize
9b4800b42.png,Common Chickweed
ba3ce6b3e.png,Fat Hen
5af1d74ee.png,Sugar beet
337621120724960212018107073797143581345.png,horse
e5297b675.png,Loose Silky-bent
47b7d8e17.png,Small-flowered Cranesbill
d09275360.png,Loose Silky-bent
fd87b36ae.png,Fat Hen
0885e7690.png,Scentless Mayweed
1c52ea820.png,Loose Silky-bent
48d97c645.png,Small-flowered Cranesbill
99569b224.png,cat
f1f7c833f.png,Shepherds Purse
104683525912619422361857060634408985829.png,cat
c0bc3997b.png,Scentless Mayweed
141288964762857107986328591477323779391.png,Cleavers
a74bf916d.png,Cleavers
2d992d1fb.png,Loose Silky-bent
c50335991.png,Fat Hen
a83820a2c.png,Loose Silky-bent
862b8e7a0.png,Loose Silky-bent
204914159507302442852853896207647602575.png,Loose Silky-bent
7f46a71db.png,Sugar beet
29f49cd0b.png,Common wheat
29bab7cad.png,Common Chickweed
cc3d2a59a.png,Fat Hen
ef7a5651d.png,Loose Silky-bent
aa7d098d1.png,Sugar beet
17529c555.png,Scentless Mayweed
9df3275da.png,Small-flowered Cranesbill
bebcaab66.png,Scentless Mayweed
329665165222156222666556764282954555838.png,Cleavers
96f14d90c.png,Common wheat
f48916a8c.png,Sugar beet
e4d5ec761.png,Loose Silky-bent
4c8005bbc.png,cat
a8388a37f.png,Fat Hen
29ce426a1.png,Maize
b47691c08.png,Scentless Mayweed
323962859341397187559733874890643216236.png,horse
fda39e16f.png,dog
995c7ab1e.png,cat
63c07d340.png,Fat Hen
279df95f2.png,Fat Hen
3f92d8039.png,Loose Silky-bent
271476766091276706152172533427464969228.png,Common wheat
56112b92c.png,Small-flowered Cranesbill
2f0004a7f.png,Loose Silky-bent
866be78b0.png,Scentless Mayweed
8a4d3a1b1.png,Loose Silky-bent
1c680883c.png,Sugar beet
305211207627370030117762132248380875948.png,Loose Silky-bent
43093308851330361115509807808566775544.png,horse
20817c846.png,Scentless Mayweed
2b55a2da2.png,Small-flowered Cranesbill
592cc5b89.png,Loose Silky-bent
197949903143766509354888794770564649727.png,Black-grass
200139867815805863838338836300541656717.png,Sugar beet
35a90f8d0.png,Scentless Mayweed
a8b431a3e.png,Scentless Mayweed
7c85b0265.png,Loose Silky-bent
8311740de.png,Sugar beet
23e480e64.png,Shepherds Purse
e15fce4f2.png,Sugar beet
4bcdaa5e2.png,Common Chickweed
410e6f702.png,Small-flowered Cranesbill
333263032901858711224355406604764742660.png,Sugar beet
3a909ead8.png,Small-flowered Cranesbill
187668bde.png,Scentless Mayweed
32b42c120.png,Cleavers
39c8fde99.png,Loose Silky-bent
0911d3dee.png,Fat Hen
a8de7c1b7.png,Black-grass
c5078bac5.png,Black-grass
edfdb4aeb.png,Fat Hen
d5f7dd60a.png,Common wheat
efe19dc32.png,Charlock
ac3193f78.png,Small-flowered Cranesbill
74fd477eb.png,cat
5dcad9a53.png,Sugar beet
4392d93cf.png,Loose Silky-bent
222213340463524013031035623127471049874.png,cat
0fb233ad6.png,Small-flowered Cranesbill
0625f063b.png,Sugar beet
d350a25fa.png,Common Chickweed
73260a4ee.png,Fat Hen
f4caf74f9.png,Charlock
bfab3e3d0.png,Sugar beet
fe29629fb.png,Common Chickweed
a74d475c2.png,Sugar beet
e19ad6ac9.png,horse
e3f50adfc.png,Shepherds Purse
6db684fff.png,Sugar beet
126a71ce0.png,Charlock
f4021df6c.png,Common Chickweed
1459e96a0.png,Fat Hen
3d67c434b.png,Fat Hen
8301b0547.png,Cleavers
d2fd9df40.png,Loose Silky-bent
afa446484.png,Small-flowered Cranesbill
32c86784b.png,Common Chickweed
133841806823844001284779128832235658927.png,horse
dd5ec63d9.png,Scentless Mayweed
8e4eaeec0.png,Common Chickweed
112485258353284290672019959199048368754.png,horse
3f64c2c1b.png,Loose Silky-bent
116b136de.png,Sugar beet
156501488117142425871132707485449087127.png,cat
686dc7ec8.png,dog
9d3cb4745.png,Loose Silky-bent
558aa7deb.png,cat
234860784261611515975235099606951230192.png,Maize
00c47e980.png,Fat Hen
632156793.png,Charlock
5ca0205f9.png,Charlock
90792613204647310434032512253572752883.png,horse
8e2e5604e.png,Common Chickweed
36ed4f215.png,Shepherds Purse
0c5f6c493.png,horse
20e562fd5.png,Sugar beet
128666660697340047860559405866579513119.png,cow
116704387373891336451565740440867502286.png,cow
7d4cd07ad.png,Fat Hen
48231e475.png,Common wheat
afcf6abd5.png,Small-flowered Cranesbill
4a337a4a9.png,Sugar beet
bd72d4d8a.png,Cleavers
37297a64c.png,Fat Hen
91e469b4a.png,Charlock
5800821529197395684376383811505648904.png,dog
12625488b.png,Fat Hen
b1cd2a91e.png,Cleavers
3ebbe9ca4.png,Charlock
8cf909eb3.png,Charlock
305103817997933688959159719983626330537.png,Small-flowered Cranesbill
8ab8a958b.png,Fat Hen
214243591387724231452959121529049275470.png,Cleavers
4bbf1f6ea.png,Small-flowered Cranesbill
1191ba346.png,Shepherds Purse
6be169e41.png,Common Chickweed
0437393b1.png,Black-grass
606647f64.png,Shepherds Purse
134223686023004660961320948290751077062.png,horse
7fdb7202d.png,Common Chickweed
c5e419015.png,Common Chickweed
4f83143e1.png,Maize
6edc76e7c.png,Charlock
b9062c1c8.png,Shepherds Purse
f593c9cf0.png,Fat Hen
88043886972843562702142934560096402483.png,Common wheat
214613186751357559379922587688155333442.png,horse
824f5d4e5.png,Sugar beet
f9ea23fb5.png,Fat Hen
cd5f0db1c.png,Small-flowered Cranesbill
16357b436.png,Fat Hen
9fab816f2.png,Fat Hen
1364b297a.png,Cleavers
297335725476089120308901425880491464743.png,dog
65e262a6d.png,Small-flowered Cranesbill
f23faf9c1.png,Loose Silky-bent
a8da9c08d.png,Cleavers
808578ed5.png,Charlock
59e1cea8d.png,Small-flowered Cranesbill
261721312666638197177994776320456402234.png,horse
6dd095129.png,Small-flowered Cranesbill
963544aa0.png,Loose Silky-bent
2ea664465.png,Black-grass
cec5bf198.png,Common wheat
78750e0ff.png,Common Chickweed
65e97117e.png,Loose Silky-bent
a0b393945.png,Fat Hen
162067984167559497589802256577226317703.png,dog
fef2ade8c.png,Fat Hen
502dff972.png,Small-flowered Cranesbill
97b2f0a10.png,Cleavers
9baf94467.png,Loose Silky-bent
23bc8ec4f.png,Common Chickweed
e52493d0b.png,Sugar beet
80e299ae9.png,Shepherds Purse
140874279045691525639698180662781108545.png,cow
d0cdc768f.png,Loose Silky-bent
e4a76885b.png,Maize
1758a1baf.png,Shepherds Purse
0751c0bbc.png,Sugar beet
e14afa235.png,Common wheat
1694a70e4.png,Shepherds Purse
0c51bf229.png,Scentless Mayweed
78c5fba1d.png,Fat Hen
5eb9c26a6.png,Loose Silky-bent
19fdf19fb.png,Fat Hen
0086a6340.png,Maize
851c90831.png,Loose Silky-bent
3d38a87bc.png,Common Chickweed
c6b76307d.png,Small-flowered Cranesbill
35ebe165c.png,Loose Silky-bent
9c777333d.png,Common Chickweed
b3d6fdb80.png,Common Chickweed
244591306613618370516978986964206711815.png,Maize
3abb502fb.png,Fat Hen
97844bfd5.png,Maize
305879860867209537951966405217020312128.png,Fat Hen
6edb96d45.png,Sugar beet
3da774107.png,Loose Silky-bent
37c3108d6.png,Charlock
dd9f36df7.png,Small-flowered Cranesbill
060f1dc84.png,Small-flowered Cranesbill
336557156944137706503115774917439449533.png,Fat Hen
2e86f1085.png,Common Chickweed
969a851be.png,Scentless Mayweed
2a5064f19.png,Loose Silky-bent
74d810f87.png,Common wheat
d14aa43f3.png,Loose Silky-bent
128150439282056712115408218271508522690.png,Loose Silky-bent
324338038775833126048298558622079712516.png,dog
256605108858811806670633595745785987524.png,dog
800a8c17e.png,Loose Silky-bent
74068643d.png,Loose Silky-bent
24d36c52c.png,Common Chickweed
a276c65f7.png,Loose Silky-bent
39b740f7e.png,Loose Silky-bent
7d3045fc3.png,Sugar beet
54b3afd58.png,Black-grass
34dd57ca9.png,Loose Silky-bent
060450d79.png,Fat Hen
b7a7f6390.png,Common wheat
26e7ae885.png,Fat Hen
03ef36742.png,Common wheat
2ff5cb348.png,Scentless Mayweed
0c27cf05f.png,Fat Hen
cf46d09c5.png,Common Chickweed
5f04aed97.png,Small-flowered Cranesbill
7d22abf91.png,Shepherds Purse
bb1d1bfd3.png,Charlock
288564c76.png,Sugar beet
a2d25b4f3.png,Fat Hen
5779fe8b4.png,Black-grass
0c45ace27.png,Fat Hen
444473900.png,Loose Silky-bent
219004722696276899835825372008014862319.png,dog
217902267119307572045944953308417248515.png,Charlock
4e69d100a.png,Small-flowered Cranesbill
d7017f701.png,Fat Hen
e0ec5b6a1.png,Fat Hen
1dc7c45df.png,Loose Silky-bent
131515028209415829337163444258686192234.png,Cleavers
e15472085.png,Common Chickweed
8dbb8e1b9.png,Charlock
fd253a74e.png,Charlock
e96e57a90.png,Scentless Mayweed
534e74d83.png,Maize
c74c5b7fc.png,Cleavers
301147076855745514250934905419632318975.png,cow
a935ca110.png,Loose Silky-bent
fea3da57c.png,Loose Silky-bent
87f627bf9.png,Scentless Mayweed
76dbd1054.png,Loose Silky-bent
fda0b5c38.png,Fat Hen
7b52585da.png,Loose Silky-bent
780defa2e.png,Shepherds Purse
a5db42f7d.png,Maize
59b2c6f2b.png,Fat Hen
589e643b8.png,Small-flowered Cranesbill
43531701325899816531266862885776649975.png,dog
4ea7493d5.png,Common wheat
141134796774537872893376214203054235318.png,Sugar beet
c4ed8ed38.png,Charlock
126885852381802297485400046421120374507.png,horse
214239112776057343946791626655568338539.png,horse
c85ef220d.png,Common Chickweed
d3331e071.png,Loose Silky-bent
f9b6bfb00.png,Common wheat
f85ed9b6d.png,Scentless Mayweed
a93f940d6.png,Common wheat
37142287413060832387989434210431520690.png,Loose Silky-bent
599c82eea.png,Sugar beet
c75a82234.png,Common Chickweed
7f9e9565d.png,Common Chickweed
c10ccbd82.png,Common Chickweed
39858776a.png,Cleavers
52961071606578367284788477208693528083.png,dog
64fe8beb9.png,Sugar beet
1f3f44563.png,Maize
ce3d280eb.png,Fat Hen
67499015394759352748226861668773730947.png,dog
67e185673.png,Small-flowered Cranesbill
14380194072277964234041208705738750077.png,cat
1d0cbd819.png,Loose Silky-bent
8916793ce.png,Small-flowered Cranesbill
43ede9de9.png,Charlock
599691cd9.png,Small-flowered Cranesbill
827279bad.png,Fat Hen
7beb2766f.png,Shepherds Purse
c7b07431e.png,Fat Hen
31fcdc161.png,Maize
a890ac088.png,Charlock
290061792719156548259503310097441814692.png,Common wheat
